,18-33_Male,34-50_Female,34-50_Male,18-33_Female,>50_Female,>50_Male
18-33_Male,1,0.950054855928566,0.957613251607348,0.94852299165267,0.832161878180797,0.913416569271484
34-50_Female,0.950054855928566,1,0.96946202773112,0.91943427368949,0.944482675315677,0.969849915047032
34-50_Male,0.957613251607348,0.96946202773112,1,0.949745205023153,0.903429605758207,0.954407496669185
18-33_Female,0.94852299165267,0.91943427368949,0.949745205023153,1,0.815671780538533,0.852751523781546
>50_Female,0.832161878180797,0.944482675315677,0.903429605758207,0.815671780538533,1,0.952335698707177
>50_Male,0.913416569271484,0.969849915047032,0.954407496669185,0.852751523781546,0.952335698707177,1
