,<=50,>50,chi_res,symptom
Non.Communicable.Disease,0.0517515923566879,0.31,2.35874530817428e-21,Non.Communicable.Disease
Prexisting.Condition,0.0859872611464968,0.31,4.01440914036797e-12,Prexisting.Condition
Nerve.Pain,0.00318471337579618,0.03,0.00402382889965671,Nerve.Pain
Shortness.of.Breath,0.150477707006369,0.25,0.0129635480138193,Shortness.of.Breath
Fatigue,0.297770700636943,0.42,0.0147597748253501,Fatigue
Joint.Pain,0.182324840764331,0.27,0.0430293270045252,Joint.Pain
