,yes,no,chi_res,symptom
Prexisting.Condition,0.123781676413255,0.0363636363636364,8.59326534401484e-06,Prexisting.Condition
Fatigue,0.331384015594542,0.23030303030303,0.000686490481614978,Fatigue
Non.Communicable.Disease,0.0838206627680312,0.0303030303030303,0.0015047614667959,Non.Communicable.Disease
Persistent.Cough,0.212475633528265,0.151515151515152,0.0193100306413034,Persistent.Cough
Communicable.Disease,0.0302144249512671,0.00606060606060606,0.0231133036903082,Communicable.Disease
Chest.Pain,0.241715399610136,0.184848484848485,0.0387528404617162,Chest.Pain
Shortness.of.Breath,0.169590643274854,0.121212121212121,0.04442228832007,Shortness.of.Breath
