,Male,Female,chi_res,symptom
Shortness.of.Breath,0.191679049034175,0.124450951683748,0.000898059692374538,Shortness.of.Breath
Respiratory.Condition,0.0148588410104012,0,0.00397564186688258,Respiratory.Condition
Chest.Pain,0.2555720653789,0.200585651537335,0.0188352557955328,Chest.Pain
Communicable.Disease,0.0341753343239227,0.0146412884333821,0.0309455901509982,Communicable.Disease
