,Urban,Rural,chi_res,symptom
Rash,0.0237741456166419,0.00439238653001464,0.00503274770636836,Rash
