,1 to 3,4 or more,0,chi_res,symptom
Cough,0.308139534883721,0.44547134935305,0.171052631578947,2.9678550207499e-08,Cough
Running.Nose,0.0523255813953488,0.134935304990758,0.0394736842105263,4.99032989821457e-06,Running.Nose
Communicable.Disease,0.00193798449612403,0.0351201478743068,0,0.000109826617933182,Communicable.Disease
Sharp.Pain.in.Ribs,0.0213178294573643,0.044362292051756,0,0.0262311871219808,Sharp.Pain.in.Ribs
Red.Eye,0,0.00184842883548983,0.0131578947368421,0.0385311129589851,Red.Eye
Prexisting.Condition,0.0562015503875969,0.0702402957486137,0,0.0484192036359945,Prexisting.Condition
